{
    "Quaternion": {
        "w": 0.5505666516902112,
        "x": -0.6362152372281484,
        "y": 0.3613804315900029,
        "z": 0.4018839604029799
    }
}
