{
    "AngleAxis": {
        "Angle": 1.9755068924749106,
        "Axis": [
            -0.7621249848254679,
            0.4328991822668132,
            0.4814185346426796
        ]
    }
}
