{
    "Matrix": {
        "Row1": [
            0.4157869320692789,
            -0.9023592869214287,
            -0.1134413699981963
        ],
        "Row2": [
            -0.0173036611331485,
            -0.1325610914209059,
            0.9910237839490472
        ],
        "Row3": [
            -0.9092974268256818,
            -0.4100917877109334,
            -0.0707312888348917
        ]
    }
}
