{
    "EulerZXZ": {
        "Z1": 1.1471123464639490,
        "X": -1.6415867259093058,
        "Z2": 0.1139727950424842
    }
}
