{
    "velocimeters": [
        {
            "scale_and_alignment": [
                1.0,
                0.0000000000000000,
                0.0000000000000000,
                0.0000000000000000,
                1.0,
                0.0000000000000000,
                0.0000000000000000,
                0.0000000000000000,
                1.0
            ],
            "noise_variance": 9.999999974752427e-7,
            "extrinsics": {
                "T": [
                    9.999999974752427e-7,
                    9.999999974752427e-7, 
                    9.999999974752427e-7
                ],
                "T_variance": [
                    9.999999974752427e-7, 
                    9.999999974752427e-7, 
                    9.999999974752427e-7
                ],
                "W": [
                    9.999999974752427e-7,
                    9.999999974752427e-7,
                    9.999999974752427e-7,
                ],
                "W_variance": [
                    9.999999974752427e-5, 
                    9.999999974752427e-5, 
                    9.999999974752427e-5
                ]
            }
        }
    ]
}
