{
    "device_type": "D435i",
    "imus": [
        {
            "accelerometer": {
                "bias": [
                    0.04476894248593331,
                    0.14433939829484885,
                    0.07357989855896845
                ],
                "scale_and_alignment": [
                    1.0039450113817197,
                    0.0009690985427647459,
                    0.042970356776378685,
                    -0.0018190253651969301,
                    1.0076754361020728,
                    -0.018673080536087294,
                    -0.02579789870198209,
                    -0.00011376840864885107,
                    1.0045382778497491
                ]
            },
            "gyroscope": {
                "bias": [
                    0.00028461214375522827,
                    -0.002764678577954633,
                    0.00010771474979044023
                ],
                "scale_and_alignment": [
                    1.0,
                    0.0,
                    0.0,
                    0.0,
                    1.0,
                    0.0,
                    0.0,
                    0.0,
                    1.0
                ]
            }
        }
    ]
}