{
    "Position": [
        -2.537896,
        3.451273,
        -23.45126754
    ],
    "Orientation": {
        "Quaternion": {
<<<<<<< HEAD
            "w": 0.5505666516902112,
            "x": -0.6362152372281484,
            "y": 0.3613804315900029,
            "z": 0.4018839604029799
=======
            "W": 0.5505666516902112,
            "X": -0.6362152372281484,
            "Y": 0.3613804315900029,
            "Z": 0.4018839604029799
>>>>>>> 501-updating-to-a-new-version-of-types
        }
    }
}
