{
    "Position": [
        -2.537896,
        3.451273,
        -23.45126754
    ],
    "Orientation": {
<<<<<<< HEAD
        "angleAxis": {
            "angle": 1.9755068924749106,
            "axis": [
=======
        "AngleAxis": {
            "Angle": 1.9755068924749106,
            "Axis": [
>>>>>>> 501-updating-to-a-new-version-of-types
                -0.7621249848254679,
                0.4328991822668132,
                0.4814185346426796
            ]
        }
    }
}
