{
    "Position": [
        -2.537896,
        3.451273,
        -23.45126754
    ],
    "Orientation": {
        "CardanXYZ": {
            "X": 1.4,
            "Y": 1.0,
            "Z": 3.1
        }
    }
}
