{
    "Position": [
        -2.537896,
        3.451273,
        -23.45126754
    ],
    "Orientation": {
        "EulerZXZ": {
            "Z1": 1.1471123464639490,
            "X": -1.6415867259093058,
            "Z2": 0.1139727950424842
        }
    }
}
